id,median_house_value
0,45635.496
1,59869.723
2,60149.684
3,78951.72
4,62024.406
5,69339.01
6,68146.43
7,58720.66
8,97043.99
9,79598.16
10,40294.59
11,82909.664
12,90800.61
13,41179.684
14,61200.957
15,44799.63
16,46821.977
17,76328.984
18,57636.7
19,19442.246
20,65082.92
21,102480.336
22,99861.2
23,254100.67
24,104345.375
25,103681.41
26,111842.29
27,70521.35
28,35840.79
29,78222.414
30,137836.06
31,112267.74
32,86186.12
33,167414.58
34,117794.91
35,133178.25
36,85256.055
37,151189.84
38,173043.02
39,210342.75
40,77919.664
41,243380.38
42,200216.77
43,174945.28
44,72786.19
45,79440.26
46,162137.19
47,92766.0
48,148570.44
49,168016.84
50,82384.2
51,143382.4
52,74302.92
53,128592.945
54,173605.97
55,310580.75
56,278137.38
57,145884.03
58,151517.17
59,194679.34
60,108023.484
61,142044.2
62,124175.99
63,92621.42
64,91829.586
65,135327.16
66,131636.22
67,81228.984
68,65064.754
69,75106.33
70,125223.92
71,100606.06
72,121390.16
73,101885.76
74,68555.56
75,141886.19
76,167922.42
77,115112.0
78,151533.56
79,159458.92
80,129778.98
81,165006.03
82,204938.17
83,130443.52
84,140384.7
85,148930.98
86,151395.56
87,288194.88
88,221567.6
89,144469.9
90,165612.1
91,138766.47
92,109180.5
93,308266.22
94,144267.94
95,153311.31
96,196164.69
97,253259.23
98,129694.695
99,85399.12
100,223800.67
101,183736.42
102,153320.53
103,113873.49
104,157141.83
105,175155.02
106,266765.72
107,424360.8
108,423233.25
109,153737.78
110,125163.85
111,122957.414
112,154442.81
113,181579.78
114,158963.17
115,95431.24
116,126490.74
117,114821.945
118,185713.48
119,425381.3
120,223010.19
121,80770.03
122,215185.53
123,122302.42
124,142693.12
125,141555.84
126,162382.1
127,171915.48
128,143297.44
129,128005.26
130,124397.234
131,120611.664
132,159385.78
133,249059.88
134,166216.17
135,110668.15
136,102619.54
137,156080.8
138,135511.77
139,141751.28
140,104726.12
141,151427.81
142,205182.48
143,231046.62
144,195218.25
145,167741.31
146,145773.31
147,190967.86
148,98049.77
149,106661.28
150,129569.23
151,105146.695
152,125115.52
153,216879.58
154,114456.8
155,120171.25
156,106438.96
157,133370.95
158,186482.5
159,157358.3
160,134503.12
161,168865.1
162,104380.29
163,84836.6
164,134577.5
165,140403.92
166,127831.21
167,72564.805
168,148163.0
169,157513.36
170,253240.0
171,185017.62
172,161147.16
173,146311.89
174,193543.53
175,167110.69
176,144014.5
177,141512.88
178,75362.24
179,171445.03
180,181819.47
181,200854.47
182,154282.11
183,158368.19
184,103733.1
185,192277.16
186,178344.73
187,114054.414
188,131284.73
189,124083.65
190,198650.69
191,141277.95
192,132776.38
193,151096.23
194,143687.9
195,96771.664
196,81199.664
197,138392.19
198,103111.23
199,239655.52
200,285014.3
201,67604.92
202,155624.98
203,196774.11
204,190889.42
205,109584.18
206,273906.34
207,120483.27
208,104626.34
209,147499.4
210,134436.03
211,220523.9
212,151173.6
213,364289.62
214,98509.805
215,213655.06
216,161390.6
217,135141.95
218,97925.81
219,216434.84
220,200682.98
221,106290.98
222,191150.83
223,159299.36
224,173920.53
225,192576.64
226,366069.75
227,102509.85
228,143638.36
229,121106.87
230,196642.0
231,202514.03
232,199855.98
233,153455.69
234,236644.53
235,157073.08
236,452995.88
237,168286.19
238,76187.68
239,201906.7
240,147913.36
241,111135.91
242,284327.6
243,183601.95
244,255230.52
245,141836.62
246,74676.125
247,82703.86
248,124347.06
249,206711.36
250,136208.5
251,195042.28
252,394041.03
253,284847.3
254,202840.08
255,220240.34
256,220651.98
257,370576.62
258,95401.73
259,105125.734
260,139275.84
261,204109.3
262,182928.94
263,156326.48
264,183717.47
265,351687.06
266,135333.34
267,171135.8
268,479144.38
269,110312.805
270,106322.3
271,114749.11
272,128714.086
273,198610.3
274,205367.31
275,293453.38
276,285860.5
277,116296.445
278,77653.734
279,82374.43
280,261647.4
281,99077.01
282,105780.18
283,76106.98
284,111301.586
285,164097.05
286,160851.34
287,165350.16
288,208738.23
289,59479.734
290,107004.13
291,139463.53
292,71852.234
293,71242.08
294,66638.945
295,71441.76
296,78929.43
297,81523.05
298,92211.66
299,199890.44
300,100126.66
301,361155.84
302,113563.01
303,111922.805
304,71692.3
305,68463.08
306,75048.34
307,121738.54
308,70762.99
309,73825.46
310,105245.87
311,94330.04
312,188361.38
313,134986.23
314,85208.12
315,92329.05
316,100399.016
317,293631.8
318,131249.66
319,158744.75
320,142900.44
321,246395.86
322,114179.164
323,114765.43
324,89939.35
325,84235.51
326,100902.875
327,107060.54
328,104987.266
329,85292.336
330,141014.7
331,151640.31
332,166278.86
333,89982.79
334,129054.25
335,123200.445
336,220095.67
337,124145.445
338,96107.734
339,139292.34
340,169498.88
341,70160.83
342,132204.17
343,84615.87
344,151681.27
345,111929.3
346,110214.39
347,119748.305
348,101096.27
349,133709.7
350,110244.6
351,114782.6
352,151214.8
353,100261.67
354,148609.39
355,143929.7
356,147746.66
357,135920.19
358,109994.99
359,199467.8
360,99900.96
361,163165.84
362,196325.53
363,124763.48
364,208047.44
365,112654.27
366,192747.25
367,206905.77
368,340299.3
369,120168.75
370,160058.19
371,232732.34
372,205934.28
373,166907.16
374,121967.96
375,159656.95
376,202298.53
377,197496.4
378,196137.23
379,327360.94
380,319472.44
381,315978.56
382,246478.92
383,280390.3
384,121391.25
385,158751.22
386,136097.39
387,370716.9
388,227768.33
389,206994.48
390,274915.9
391,100272.055
392,359848.88
393,55525.812
394,157190.77
395,176526.72
396,236014.62
397,200459.0
398,160903.36
399,142692.86
400,253155.92
401,97405.32
402,128129.41
403,142826.75
404,273393.5
405,63782.87
406,302912.0
407,341407.75
408,350821.25
409,172147.2
410,394996.44
411,175103.61
412,229292.72
413,127348.73
414,338708.28
415,209113.72
416,143708.95
417,94147.57
418,215374.56
419,112217.836
420,104940.13
421,162345.27
422,480304.12
423,69397.195
424,115830.07
425,142104.78
426,111198.44
427,419556.5
428,146351.25
429,117721.14
430,107621.6
431,145314.31
432,146412.25
433,264085.47
434,153737.0
435,304779.06
436,330528.6
437,163508.89
438,218176.6
439,182699.73
440,163061.22
441,362282.25
442,407465.12
443,153363.36
444,263373.8
445,288742.72
446,415257.8
447,268087.47
448,356878.22
449,299255.3
450,295761.72
451,201804.95
452,156462.03
453,375873.34
454,479661.12
455,207598.34
456,327405.75
457,471463.25
458,258864.94
459,329550.12
460,216888.89
461,229516.3
462,194189.53
463,227856.34
464,164633.14
465,150503.31
466,112398.305
467,224643.69
468,255812.78
469,161131.2
470,328072.7
471,183907.9
472,143503.88
473,156078.66
474,184846.3
475,226310.44
476,194296.31
477,138486.27
478,131559.25
479,151074.88
480,141452.03
481,425591.0
482,176606.5
483,131189.89
484,182391.94
485,145781.89
486,216520.31
487,206971.97
488,201040.06
489,151156.64
490,469817.25
491,164000.97
492,167640.12
493,153648.62
494,478874.22
495,489437.9
496,168810.08
497,149708.03
498,175784.1
499,207552.16
500,204739.78
501,235174.6
502,162959.4
503,175046.72
504,247846.72
505,172773.81
506,129902.78
507,184158.81
508,190237.5
509,351983.84
510,228084.5
511,229483.8
512,181016.42
513,158047.3
514,258102.4
515,296908.22
516,272588.03
517,199142.81
518,173324.6
519,141922.19
520,175056.6
521,234893.42
522,173362.72
523,390034.84
524,371219.62
525,153978.56
526,294425.34
527,154092.53
528,170611.78
529,178017.27
530,236015.84
531,312952.5
532,138892.5
533,161394.53
534,175265.25
535,168963.47
536,174856.58
537,218584.97
538,171004.22
539,158604.9
540,146604.92
541,142403.34
542,144069.86
543,201803.94
544,187916.66
545,397678.78
546,164990.69
547,164301.5
548,170894.44
549,182818.62
550,500947.47
551,146039.19
552,179687.3
553,157991.81
554,168424.47
555,242071.64
556,210438.31
557,158616.5
558,175301.6
559,172579.2
560,379857.5
561,162927.06
562,196734.78
563,198376.64
564,255317.31
565,370895.38
566,152925.4
567,161300.11
568,161964.72
569,203273.34
570,187239.48
571,216342.19
572,272704.7
573,295514.03
574,197838.83
575,285835.5
576,191125.98
577,174081.0
578,180784.5
579,281463.78
580,204838.08
581,185727.97
582,185988.28
583,198830.94
584,75782.74
585,151464.47
586,153942.05
587,142482.5
588,254724.34
589,179127.97
590,200863.11
591,171480.36
592,179415.97
593,187363.95
594,192612.53
595,208169.38
596,306322.12
597,285760.53
598,220095.36
599,210519.05
600,333462.66
601,252891.16
602,173352.98
603,212437.89
604,183325.3
605,145982.06
606,163992.45
607,189818.64
608,175047.34
609,221395.48
610,183174.33
611,175358.22
612,223437.53
613,403267.4
614,182542.23
615,246206.78
616,180973.23
617,218456.9
618,189698.45
619,154194.61
620,207819.02
621,181498.06
622,175338.19
623,181627.45
624,160939.66
625,222114.56
626,219014.25
627,200742.5
628,272991.9
629,299274.8
630,297371.53
631,204471.25
632,190111.69
633,203105.47
634,232665.28
635,156719.25
636,154109.78
637,212962.22
638,197096.75
639,200898.25
640,268561.75
641,292813.0
642,204645.67
643,199283.78
644,166546.67
645,205160.47
646,190873.66
647,163133.44
648,188540.06
649,275903.53
650,322983.12
651,283915.16
652,350069.1
653,213415.97
654,142862.6
655,142911.47
656,164928.11
657,190516.31
658,143367.08
659,161777.56
660,132503.38
661,245043.36
662,256551.06
663,344161.38
664,320175.72
665,245218.72
666,79552.02
667,201820.1
668,175961.84
669,216910.94
670,390842.56
671,453710.56
672,358291.16
673,229500.84
674,213473.1
675,165472.67
676,257266.61
677,214836.0
678,232987.6
679,204881.44
680,217238.16
681,178259.62
682,166381.66
683,200872.7
684,215820.52
685,198412.12
686,155534.19
687,154307.89
688,175101.52
689,157400.78
690,144290.64
691,159445.92
692,179078.33
693,171858.31
694,350107.12
695,143583.9
696,191041.92
697,264503.22
698,171098.58
699,171166.98
700,164315.34
701,159784.89
702,190333.75
703,175729.88
704,176618.38
705,169985.38
706,153073.3
707,177453.8
708,255908.92
709,197327.73
710,228925.88
711,272623.25
712,257140.31
713,335528.38
714,104470.87
715,132221.42
716,217314.84
717,266742.0
718,448639.38
719,384085.6
720,203594.03
721,209476.12
722,176354.34
723,172664.38
724,150393.25
725,152489.36
726,171049.53
727,217964.44
728,273277.4
729,254789.92
730,266760.22
731,417300.62
732,431555.62
733,217097.6
734,216916.66
735,180099.88
736,201488.61
737,238447.97
738,184400.95
739,218785.39
740,203960.56
741,245045.2
742,238767.98
743,281493.22
744,300779.7
745,348953.94
746,116496.086
747,97395.95
748,526836.5
749,240099.9
750,227263.61
751,178691.55
752,229341.38
753,157592.98
754,210809.62
755,200241.19
756,287028.78
757,208491.08
758,301024.84
759,267128.16
760,278879.47
761,434623.3
762,117210.305
763,108465.71
764,312216.7
765,310420.0
766,187656.77
767,194908.03
768,191033.75
769,206811.12
770,195820.06
771,251298.88
772,255213.25
773,223493.03
774,288502.28
775,206703.28
776,398043.38
777,362083.22
778,461636.6
779,88619.984
780,107653.91
781,117977.65
782,263802.47
783,160582.1
784,196477.5
785,171996.8
786,195787.66
787,214300.83
788,239730.62
789,199351.12
790,213651.44
791,314302.34
792,411784.3
793,130220.14
794,229856.4
795,138770.64
796,230307.03
797,363235.94
798,170271.16
799,172059.5
800,132525.94
801,213041.4
802,228486.5
803,190558.77
804,260211.84
805,203528.36
806,394109.3
807,135566.77
808,137888.83
809,355838.9
810,135409.58
811,135231.06
812,128306.71
813,129551.58
814,191787.86
815,164964.53
816,168248.12
817,247177.89
818,211935.77
819,146652.12
820,162797.39
821,391811.7
822,317182.3
823,426746.56
824,153254.75
825,223597.81
826,477491.56
827,155083.08
828,145650.67
829,139593.88
830,135483.97
831,146313.55
832,114327.836
833,133489.89
834,147783.69
835,166225.19
836,147396.8
837,174451.48
838,152603.53
839,159789.08
840,167622.16
841,265165.4
842,109216.26
843,236936.23
844,139221.88
845,519355.78
846,474612.12
847,154632.95
848,181298.3
849,178584.8
850,203536.44
851,157588.47
852,178402.19
853,134204.4
854,139361.06
855,129061.95
856,138242.36
857,162813.0
858,200136.48
859,134910.03
860,117114.66
861,165175.03
862,122017.54
863,112688.15
864,363877.6
865,378551.0
866,198024.23
867,198326.94
868,178081.28
869,138632.9
870,193006.69
871,153353.39
872,125268.4
873,126550.45
874,143387.58
875,124888.73
876,111022.12
877,130555.1
878,155301.1
879,150367.42
880,185614.02
881,147212.0
882,314594.56
883,166602.55
884,170761.33
885,136743.56
886,147084.25
887,132564.31
888,165909.56
889,161032.56
890,112371.41
891,150639.44
892,136653.6
893,109571.55
894,252268.72
895,195452.62
896,275782.03
897,135763.31
898,147709.8
899,370581.2
900,146107.89
901,143857.12
902,143831.12
903,137845.52
904,154865.9
905,134736.98
906,139387.5
907,246761.22
908,190952.23
909,148002.27
910,142943.8
911,163186.84
912,108597.47
913,93381.5
914,99403.38
915,288194.53
916,295601.53
917,221336.83
918,138507.9
919,148464.62
920,107510.4
921,101073.484
922,113666.195
923,174145.44
924,193427.28
925,148040.56
926,103712.195
927,98389.53
928,92072.79
929,97932.82
930,93241.87
931,250332.84
932,235948.61
933,169112.38
934,193210.86
935,134147.19
936,103882.266
937,115274.195
938,109756.06
939,114169.234
940,101588.195
941,120927.55
942,115945.18
943,98673.3
944,172458.72
945,204798.52
946,158113.16
947,187088.75
948,105445.305
949,112669.375
950,102546.54
951,114407.484
952,104392.17
953,206786.19
954,218123.75
955,149341.22
956,337842.84
957,176847.19
958,157924.0
959,148636.62
960,209600.11
961,192086.97
962,127134.82
963,127074.17
964,109894.15
965,101525.94
966,93697.81
967,205874.1
968,189487.98
969,156950.14
970,157541.62
971,162217.78
972,218315.64
973,329580.06
974,395905.72
975,197042.03
976,200355.47
977,164508.39
978,187392.02
979,156607.0
980,168032.02
981,140765.38
982,161290.64
983,117086.47
984,106229.27
985,105591.23
986,121829.48
987,154922.77
988,98530.65
989,170546.56
990,184445.19
991,480587.2
992,185572.66
993,151771.19
994,183015.45
995,163117.62
996,136736.97
997,142055.12
998,105782.48
999,104365.87
1000,122402.82
1001,121599.94
1002,112774.21
1003,261797.69
1004,202665.62
1005,261185.22
1006,368912.3
1007,128740.02
1008,211030.6
1009,285905.34
1010,429113.06
1011,179601.66
1012,174333.25
1013,176416.47
1014,149637.1
1015,111798.9
1016,150065.2
1017,222852.72
1018,182183.84
1019,243060.81
1020,216242.53
1021,233470.89
1022,275770.72
1023,231584.12
1024,134273.14
1025,258887.45
1026,256887.86
1027,258208.66
1028,282426.28
1029,190098.17
1030,500786.5
1031,387026.34
1032,186864.73
1033,179963.69
1034,242078.48
1035,209001.98
1036,150004.17
1037,198986.42
1038,101818.98
1039,130971.49
1040,215802.98
1041,172397.9
1042,95340.71
1043,136770.02
1044,168779.64
1045,247798.05
1046,260347.58
1047,246000.5
1048,297871.94
1049,336232.8
1050,229930.6
1051,257775.72
1052,306608.7
1053,328230.25
1054,237356.5
1055,215150.95
1056,134798.52
1057,152487.6
1058,122658.47
1059,238240.66
1060,108659.98
1061,233382.73
1062,170792.39
1063,185881.66
1064,255375.97
1065,258245.69
1066,307196.56
1067,238551.2
1068,258867.94
1069,402481.12
1070,196129.05
1071,146653.31
1072,146814.89
1073,307764.5
1074,257953.64
1075,257085.62
1076,213490.88
1077,339347.25
1078,301523.25
1079,244744.1
1080,308077.88
1081,491443.0
1082,281239.3
1083,421002.75
1084,299554.8
1085,218158.83
1086,217903.56
1087,239972.12
1088,166237.34
1089,163412.53
1090,245118.66
1091,222520.0
1092,166143.72
1093,202083.66
1094,227658.97
1095,337698.56
1096,289265.6
1097,168753.77
1098,218796.56
1099,167836.4
1100,203713.75
1101,203520.28
1102,158100.12
1103,304965.06
1104,290979.06
1105,489150.88
1106,208101.9
1107,398849.6
1108,384908.06
1109,451829.16
1110,268663.16
1111,278875.88
1112,318000.47
1113,181722.77
1114,156933.03
1115,137441.88
1116,185645.8
1117,202266.25
1118,224379.34
1119,318732.44
1120,345510.53
1121,505967.44
1122,179496.53
1123,317034.5
1124,444429.47
1125,307404.44
1126,314547.75
1127,296603.28
1128,359413.34
1129,383625.25
1130,396731.12
1131,170260.5
1132,183306.94
1133,349137.28
1134,341564.16
1135,243739.52
1136,202202.95
1137,275731.12
1138,327445.62
1139,220769.38
1140,297848.28
1141,364676.62
1142,400651.7
1143,184619.69
1144,181354.02
1145,347339.34
1146,467761.9
1147,292749.6
1148,309761.7
1149,224204.5
1150,316522.5
1151,301613.0
1152,282598.53
1153,229482.81
1154,394242.2
1155,337959.3
1156,406106.75
1157,466190.2
1158,420368.9
1159,189679.72
1160,368904.44
1161,225645.1
1162,190830.0
1163,233215.11
1164,184537.34
1165,271894.12
1166,490200.34
1167,199074.75
1168,191524.44
1169,323230.75
1170,427918.94
1171,510847.38
1172,506383.62
1173,208810.6
1174,361136.38
1175,226336.52
1176,363317.84
1177,342461.47
1178,489468.56
1179,465781.6
1180,483982.88
1181,366181.44
1182,514777.25
1183,135223.23
1184,152449.56
1185,226095.19
1186,279066.6
1187,399288.3
1188,531575.3
1189,225083.69
1190,248822.06
1191,313667.62
1192,236344.47
1193,250703.69
1194,481427.44
1195,455850.2
1196,143569.44
1197,215508.34
1198,186999.44
1199,200041.92
1200,182121.67
1201,174953.08
1202,110643.07
1203,205146.89
1204,302489.97
1205,463529.25
1206,206369.12
1207,327027.3
1208,182925.2
1209,308308.06
1210,542563.7
1211,146140.62
1212,164270.88
1213,171916.94
1214,169706.78
1215,179336.27
1216,212001.53
1217,239709.84
1218,352471.78
1219,488849.44
1220,423200.7
1221,309956.62
1222,266065.7
1223,364734.88
1224,65344.82
1225,175857.6
1226,157902.0
1227,166806.64
1228,163103.12
1229,338268.44
1230,206105.27
1231,374112.12
1232,299875.7
1233,360292.34
1234,135203.83
1235,222776.14
1236,165444.95
1237,151261.83
1238,165662.9
1239,200937.28
1240,183335.69
1241,189119.52
1242,204622.08
1243,152198.83
1244,515959.44
1245,161812.66
1246,337938.7
1247,195267.75
1248,239198.31
1249,259876.28
1250,171970.47
1251,165971.53
1252,224038.4
1253,387819.7
1254,278086.62
1255,69325.375
1256,247726.78
1257,203621.75
1258,156127.42
1259,359150.1
1260,309253.34
1261,390681.78
1262,210004.31
1263,216992.4
1264,239106.16
1265,411453.9
1266,414814.88
1267,338543.3
1268,514710.3
1269,504164.56
1270,493821.38
1271,438455.16
1272,74110.16
1273,240261.61
1274,243844.95
1275,294737.06
1276,441014.8
1277,254612.72
1278,489513.03
1279,197250.31
1280,361118.2
1281,402722.1
1282,179788.12
1283,488766.25
1284,229634.73
1285,235573.25
1286,190133.2
1287,314067.7
1288,260955.69
1289,480546.25
1290,220059.98
1291,218470.0
1292,187860.89
1293,302233.78
1294,526348.06
1295,210564.89
1296,246866.7
1297,356641.22
1298,233723.8
1299,224116.02
1300,200066.75
1301,378377.66
1302,259255.94
1303,459156.7
1304,293115.44
1305,248790.75
1306,253974.81
1307,363862.03
1308,363794.44
1309,364001.84
1310,276136.9
1311,228313.12
1312,123239.49
1313,228366.47
1314,237025.6
1315,206937.31
1316,204544.28
1317,234145.56
1318,240333.0
1319,213802.66
1320,240843.36
1321,302945.2
1322,207908.27
1323,316431.44
1324,57087.312
1325,375989.53
1326,424259.47
1327,76074.805
1328,84826.336
1329,305903.78
1330,244728.73
1331,212046.83
1332,209969.11
1333,59258.695
1334,236824.97
1335,59514.035
1336,140057.16
1337,154164.19
1338,290298.47
1339,123674.23
1340,129850.92
1341,173489.2
1342,206054.88
1343,234239.78
1344,244332.1
1345,362364.72
1346,76748.73
1347,284946.7
1348,298395.8
1349,54949.324
1350,49089.13
1351,266936.25
1352,48172.613
1353,55131.523
1354,46978.457
1355,49176.402
1356,53054.52
1357,54179.523
1358,71723.97
1359,95986.48
1360,99197.164
1361,62316.855
1362,62736.85
1363,62170.797
1364,62347.98
1365,60743.867
1366,66609.35
1367,248315.12
1368,100134.68
1369,71887.695
1370,77488.445
1371,75646.086
1372,93804.555
1373,83159.12
1374,71310.51
1375,64533.844
1376,76775.414
1377,63700.574
1378,180723.42
1379,144118.03
1380,77811.79
1381,79762.63
1382,110778.62
1383,90308.27
1384,52250.652
1385,84170.54
1386,183030.44
1387,309608.62
1388,150358.22
1389,189230.11
1390,274455.75
1391,162105.22
1392,263352.8
1393,199466.23
1394,192638.88
1395,140740.28
1396,354461.6
1397,230158.4
1398,58661.438
1399,228394.06
1400,129358.85
1401,86804.12
1402,57817.71
1403,91936.78
1404,248884.4
1405,102753.52
1406,346708.94
1407,286203.62
1408,52968.938
1409,71088.64
1410,110604.016
1411,155251.06
1412,58554.39
1413,48618.12
1414,147918.66
1415,89705.19
1416,118979.125
1417,66412.12
1418,101734.51
1419,80301.05
1420,57681.1
1421,51083.527
1422,51902.56
1423,56431.875
1424,52796.473
1425,58414.98
1426,50592.758
1427,50052.215
1428,67395.2
1429,60532.51
1430,92956.88
1431,99744.67
1432,69698.88
1433,201706.34
1434,146657.77
1435,60111.86
1436,110291.83
1437,92955.52
1438,93531.695
1439,82180.65
1440,53543.293
1441,93094.695
1442,57863.734
1443,66964.76
1444,53934.934
1445,63527.605
1446,89565.86
1447,77869.75
1448,361212.62
1449,119803.11
1450,122419.48
1451,167915.83
1452,121317.82
1453,76173.414
1454,83986.7
1455,338793.62
1456,288783.44
1457,87128.7
1458,150565.88
1459,331203.88
1460,156041.2
1461,354676.25
1462,85819.84
1463,69595.664
1464,94796.305
1465,119904.76
1466,286748.28
1467,246170.06
1468,192432.88
1469,67953.05
1470,74977.79
1471,61097.195
1472,68594.055
1473,60345.77
1474,296518.47
1475,47225.094
1476,251435.97
1477,78493.555
1478,70216.5
1479,55754.805
1480,164360.06
1481,127415.71
1482,50275.453
1483,49385.56
1484,100684.24
1485,111428.15
1486,51544.465
1487,48237.457
1488,49583.516
1489,73664.12
1490,55353.555
1491,58686.04
1492,52693.66
1493,459229.62
1494,147916.28
1495,64968.426
1496,93828.72
1497,264260.53
1498,264897.7
1499,105948.164
1500,133639.78
1501,88954.68
1502,89384.67
1503,59703.73
1504,132670.73
1505,83144.96
1506,55108.453
1507,59001.363
1508,60907.887
1509,137896.36
1510,70906.64
1511,67554.305
1512,319655.62
1513,224698.28
1514,212789.06
1515,116014.95
1516,236134.42
1517,107639.86
1518,58255.152
1519,118724.055
1520,115507.99
1521,100254.35
1522,272831.38
1523,103260.664
1524,106777.71
1525,120632.46
1526,137953.22
1527,83917.125
1528,100593.26
1529,112676.46
1530,85141.12
1531,55100.254
1532,210248.14
1533,65379.367
1534,155827.42
1535,158753.56
1536,77688.42
1537,64714.215
1538,132176.36
1539,147410.4
1540,79131.04
1541,125404.6
1542,92227.39
1543,132693.62
1544,100915.01
1545,116486.63
1546,121720.586
1547,123933.586
1548,118759.82
1549,129749.16
1550,64588.99
1551,192592.14
1552,132755.98
1553,167665.88
1554,129273.2
1555,109165.664
1556,145172.72
1557,187373.3
1558,131341.36
1559,123223.74
1560,97185.195
1561,241075.5
1562,181307.78
1563,418807.34
1564,136201.19
1565,96710.07
1566,61175.344
1567,249148.3
1568,221649.75
1569,151552.9
1570,144822.3
1571,95410.59
1572,62373.223
1573,67617.266
1574,153072.06
1575,84808.09
1576,54813.55
1577,68469.37
1578,91100.53
1579,52539.848
1580,67345.54
1581,109728.76
1582,77857.945
1583,80091.67
1584,118418.164
1585,93419.734
1586,110612.914
1587,131542.5
1588,83387.8
1589,141536.38
1590,83206.914
1591,83699.62
1592,123057.27
1593,82051.03
1594,101195.9
1595,158139.25
1596,136242.64
1597,333722.06
1598,134829.5
1599,164467.34
1600,87676.19
1601,140690.81
1602,123013.31
1603,136672.72
1604,115980.95
1605,97357.36
1606,103165.61
1607,100041.48
1608,139839.53
1609,69776.016
1610,80162.88
1611,129192.88
1612,86828.164
1613,129515.67
1614,147768.03
1615,121959.85
1616,100345.15
1617,193109.94
1618,119491.82
1619,74137.21
1620,84166.125
1621,108151.79
1622,80780.42
1623,194029.08
1624,107562.82
1625,168749.78
1626,119465.914
1627,73416.66
1628,146795.97
1629,211857.08
1630,74846.79
1631,107167.01
1632,160529.22
1633,99891.88
1634,90778.445
1635,116992.086
1636,79201.625
1637,94910.01
1638,86449.85
1639,122865.62
1640,151032.12
1641,126564.65
1642,135184.3
1643,98014.72
1644,68911.12
1645,207628.22
1646,105029.37
1647,196076.5
1648,142921.6
1649,62413.375
1650,88638.88
1651,84843.51
1652,112887.29
1653,107422.45
1654,121799.33
1655,58554.996
1656,61984.96
1657,94487.016
1658,119166.414
1659,117208.84
1660,143144.75
1661,101978.95
1662,167997.7
1663,112994.82
1664,195258.34
1665,90443.37
1666,133111.45
1667,139610.9
1668,112079.586
1669,120198.89
1670,236584.14
1671,137878.83
1672,80840.805
1673,120700.2
1674,251415.66
1675,97583.484
1676,154912.81
1677,139051.14
1678,112932.945
1679,132888.36
1680,117946.836
1681,88369.305
1682,123246.63
1683,88884.53
1684,148870.86
1685,69732.26
1686,132088.94
1687,142557.72
1688,133000.0
1689,146127.92
1690,92588.13
1691,135094.56
1692,114960.39
1693,114720.01
1694,104694.87
1695,135448.92
1696,77005.99
1697,259000.72
1698,69645.82
1699,106444.41
1700,177002.0
1701,209485.97
1702,105965.15
1703,75852.93
1704,76972.88
1705,154331.92
1706,152449.02
1707,62851.16
1708,71219.98
1709,55288.184
1710,56760.797
1711,68273.336
1712,67294.92
1713,85877.87
1714,126103.305
1715,113596.79
1716,89415.234
1717,115090.516
1718,101399.69
1719,57878.223
1720,60798.33
1721,66212.0
1722,93060.43
1723,165757.56
1724,106722.47
1725,111436.22
1726,110074.93
1727,160547.12
1728,138758.8
1729,135164.4
1730,128039.914
1731,145018.25
1732,72638.734
1733,118450.42
1734,141903.27
1735,108715.79
1736,83395.1
1737,120586.42
1738,127589.45
1739,129946.234
1740,104390.555
1741,131335.73
1742,146194.9
1743,131551.67
1744,122393.2
1745,137674.19
1746,89168.8
1747,138739.22
1748,136959.2
1749,120876.79
1750,111700.68
1751,98180.445
1752,84703.35
1753,159708.0
1754,161783.31
1755,147798.94
1756,155163.52
1757,122144.71
1758,125205.375
1759,100438.0
1760,156481.1
1761,106832.445
1762,316043.8
1763,161633.27
1764,151527.84
1765,203439.11
1766,330660.5
1767,130925.46
1768,191624.16
1769,202533.48
1770,117152.06
1771,84358.38
1772,81604.6
1773,114608.23
1774,113273.055
1775,135244.84
1776,99796.85
1777,176170.86
1778,172492.16
1779,126374.74
1780,101612.2
1781,118592.16
1782,106869.98
1783,107888.12
1784,227328.27
1785,133007.9
1786,129559.83
1787,103089.31
1788,136339.23
1789,88247.32
1790,72128.07
1791,85993.01
1792,120750.77
1793,83952.23
1794,88926.68
1795,94332.92
1796,58918.645
1797,64197.836
1798,64310.855
1799,134744.75
1800,91499.086
1801,66241.57
1802,93654.0
1803,88705.91
1804,82808.195
1805,117753.25
1806,66653.516
1807,98118.8
1808,107056.87
1809,135584.56
1810,87594.06
1811,71370.36
1812,76566.62
1813,72211.57
1814,101521.06
1815,124817.4
1816,126488.59
1817,102550.195
1818,57264.668
1819,98031.77
1820,133442.75
1821,196469.98
1822,98787.37
1823,74524.945
1824,72668.07
1825,138068.56
1826,112362.79
1827,73695.625
1828,297440.3
1829,71971.5
1830,97047.11
1831,146719.31
1832,75494.38
1833,81408.65
1834,87263.98
1835,136195.34
1836,86090.164
1837,171406.55
1838,65178.562
1839,73074.62
1840,211842.36
1841,106222.52
1842,68303.336
1843,282927.47
1844,57884.867
1845,72428.17
1846,101941.17
1847,244086.81
1848,273159.12
1849,224286.92
1850,272291.12
1851,105332.5
1852,237118.06
1853,85810.52
1854,127851.41
1855,41253.094
1856,252095.47
1857,117995.18
1858,72748.58
1859,92739.48
1860,63502.45
1861,135378.0
1862,147351.45
1863,93741.586
1864,278063.06
1865,203979.2
1866,183723.94
1867,189442.56
1868,80859.47
1869,64317.766
1870,196158.34
1871,179839.17
1872,77740.52
1873,137778.86
1874,139794.38
1875,244808.97
1876,192234.42
1877,118931.23
1878,175247.69
1879,392075.16
1880,155520.44
1881,49415.84
1882,177727.45
1883,160297.44
1884,105714.71
1885,322418.03
1886,153484.28
1887,97143.63
1888,196161.23
1889,325765.16
1890,145554.05
1891,90319.445
1892,116802.27
1893,211995.62
1894,133328.5
1895,117616.945
1896,157894.92
1897,320046.44
1898,306857.34
1899,115716.8
1900,123888.06
1901,332079.12
1902,210735.33
1903,257440.31
1904,247752.12
1905,100077.71
1906,75769.02
1907,87445.016
1908,96858.85
1909,141137.72
1910,167204.48
1911,183170.56
1912,169816.31
1913,168418.52
1914,185094.72
1915,199710.4
1916,252219.12
1917,66545.96
1918,165519.3
1919,182584.94
1920,230802.72
1921,231743.94
1922,464955.4
1923,243851.06
1924,298276.0
1925,167625.27
1926,163562.66
1927,181189.19
1928,254629.55
1929,286695.0
1930,203489.4
1931,235650.47
1932,249852.02
1933,237302.03
1934,155445.8
1935,276781.1
1936,379411.94
1937,335885.72
1938,226849.16
1939,177847.94
1940,328290.44
1941,192667.1
1942,282457.06
1943,156342.05
1944,376868.8
1945,438534.8
1946,299068.72
1947,206153.53
1948,153848.7
1949,155125.23
1950,146909.56
1951,133881.7
1952,98606.88
1953,580124.0
1954,470771.88
1955,340638.88
1956,181109.66
1957,153913.78
1958,276024.22
1959,311791.38
1960,267639.9
1961,289229.56
1962,358821.5
1963,301696.5
1964,327951.22
1965,215980.98
1966,212681.33
1967,224858.69
1968,225986.6
1969,267824.28
1970,204807.62
1971,325580.84
1972,297140.5
1973,308752.1
1974,341163.25
1975,453437.62
1976,115291.305
1977,196970.19
1978,145475.73
1979,255361.0
1980,262466.72
1981,287178.3
1982,352517.72
1983,290414.56
1984,289221.28
1985,164758.6
1986,340656.38
1987,135114.75
1988,236138.53
1989,326481.16
1990,285569.25
1991,268610.84
1992,95503.82
1993,224721.92
1994,256447.81
1995,137200.83
1996,107828.35
1997,165802.16
1998,182118.6
1999,184205.42
2000,223137.53
2001,211916.0
2002,232579.45
2003,237975.17
2004,187271.66
2005,351743.66
2006,323844.3
2007,153703.19
2008,208973.22
2009,252750.58
2010,225615.7
2011,240021.12
2012,275030.56
2013,253264.83
2014,359690.94
2015,92966.43
2016,112950.76
2017,148555.94
2018,392710.75
2019,259389.08
2020,314623.34
2021,258082.34
2022,140877.75
2023,136767.23
2024,256689.23
2025,220021.03
2026,248824.81
2027,271015.84
2028,258806.94
2029,93515.12
2030,176862.4
2031,199970.31
2032,305004.56
2033,454496.8
2034,142157.45
2035,244271.66
2036,313710.72
2037,315329.38
2038,372530.8
2039,475221.38
2040,89017.65
2041,195072.97
2042,234983.66
2043,363564.4
2044,358959.72
2045,289473.06
2046,345750.56
2047,493405.38
2048,260123.08
2049,208236.19
2050,231736.36
2051,147188.58
2052,159257.2
2053,184134.44
2054,124084.086
2055,221969.47
2056,424963.47
2057,278953.94
2058,340931.28
2059,479313.56
2060,171359.58
2061,119049.38
2062,105377.54
2063,210025.22
2064,389891.06
2065,228901.89
2066,343097.84
2067,487069.9
2068,239554.7
2069,214962.28
2070,108296.64
2071,156463.84
2072,248911.53
2073,230520.45
2074,191424.77
2075,216292.53
2076,300756.2
2077,160516.02
2078,146172.36
2079,250563.88
2080,154937.0
2081,335782.2
2082,279749.38
2083,251036.64
2084,226018.31
2085,261852.62
2086,238160.33
2087,226177.31
2088,168214.61
2089,199924.78
2090,219836.16
2091,253842.44
2092,144635.17
2093,166731.38
2094,123475.25
2095,213198.95
2096,137778.48
2097,145756.61
2098,160433.75
2099,232391.0
2100,171004.94
2101,202402.1
2102,273784.84
2103,484491.28
2104,494637.25
2105,325128.88
2106,230259.61
2107,482297.1
2108,171902.4
2109,162180.1
2110,181703.81
2111,237451.84
2112,166975.25
2113,211611.02
2114,496392.03
2115,479680.03
2116,421656.44
2117,476467.1
2118,394531.3
2119,245597.6
2120,344851.2
2121,235035.14
2122,173741.03
2123,201429.06
2124,189626.88
2125,248973.64
2126,263184.88
2127,165022.56
2128,184637.75
2129,293245.94
2130,248172.44
2131,165151.88
2132,169347.5
2133,77770.96
2134,143308.84
2135,233267.55
2136,178174.16
2137,337367.06
2138,491292.56
2139,309540.44
2140,165667.36
2141,154569.05
2142,454657.56
2143,366718.84
2144,182316.31
2145,167825.72
2146,187178.7
2147,227269.58
2148,412724.66
2149,182935.56
2150,206550.02
2151,461486.9
2152,400259.6
2153,304060.56
2154,184935.73
2155,197400.16
2156,266682.72
2157,447208.1
2158,348473.88
2159,83415.44
2160,430635.4
2161,214521.89
2162,190462.88
2163,186293.47
2164,200884.95
2165,107690.57
2166,86896.58
2167,177953.47
2168,173524.9
2169,397316.84
2170,393348.12
2171,69267.086
2172,417754.16
2173,101573.77
2174,179110.77
2175,450244.03
2176,361484.22
2177,69032.67
2178,351729.3
2179,308409.4
2180,127444.04
2181,84173.59
2182,184883.78
2183,223900.08
2184,221332.19
2185,411378.47
2186,226627.9
2187,213051.67
2188,93228.52
2189,103701.53
2190,511248.62
2191,427740.8
2192,325150.56
2193,174829.56
2194,171138.05
2195,102689.48
2196,221631.31
2197,312019.56
2198,471935.6
2199,185327.22
2200,117475.27
2201,108610.164
2202,93626.16
2203,97544.4
2204,195395.97
2205,198846.25
2206,129131.4
2207,129340.6
2208,448304.88
2209,142668.5
2210,116084.54
2211,129739.57
2212,92460.945
2213,107535.94
2214,156563.94
2215,99873.73
2216,117925.766
2217,94540.305
2218,294693.7
2219,454986.0
2220,386516.34
2221,276799.97
2222,166239.44
2223,112812.55
2224,253736.12
2225,354796.97
2226,301682.84
2227,173499.17
2228,403887.88
2229,371018.06
2230,210575.42
2231,258507.84
2232,370034.1
2233,251458.58
2234,141367.64
2235,116199.85
2236,195675.66
2237,197289.53
2238,442928.12
2239,91968.77
2240,224387.9
2241,190297.84
2242,122688.87
2243,138125.61
2244,226879.28
2245,272976.75
2246,241210.83
2247,214837.66
2248,125549.836
2249,430054.2
2250,87133.23
2251,75604.1
2252,134632.42
2253,112330.81
2254,143200.78
2255,433104.7
2256,211188.61
2257,107099.93
2258,175992.61
2259,241357.12
2260,279179.06
2261,79033.94
2262,108090.93
2263,316088.7
2264,209560.0
2265,373074.1
2266,261379.81
2267,316061.88
2268,227406.89
2269,198277.3
2270,230516.53
2271,119847.88
2272,180097.11
2273,309982.2
2274,273090.1
2275,281274.6
2276,419757.38
2277,188440.34
2278,233296.1
2279,294045.62
2280,357721.2
2281,154082.81
2282,257664.16
2283,80519.31
2284,465641.25
2285,522381.56
2286,72021.38
2287,122521.68
2288,177542.86
2289,230366.17
2290,219613.56
2291,150254.38
2292,103898.38
2293,336305.5
2294,332208.88
2295,77880.46
2296,59487.168
2297,186540.27
2298,106190.79
2299,234154.02
2300,272394.03
2301,320490.2
2302,83127.836
2303,225145.81
2304,140679.0
2305,215694.81
2306,284010.12
2307,269118.66
2308,352999.7
2309,407195.1
2310,78036.28
2311,185548.25
2312,165313.1
2313,235034.19
2314,130992.53
2315,274407.2
2316,309856.06
2317,59414.035
2318,63736.957
2319,153311.81
2320,141337.08
2321,162286.56
2322,346829.06
2323,448285.66
2324,55999.48
2325,92618.73
2326,109272.586
2327,152735.73
2328,119325.1
2329,84932.195
2330,128155.86
2331,139342.4
2332,541642.44
2333,106185.63
2334,93974.03
2335,93463.29
2336,82527.02
2337,183097.69
2338,487750.97
2339,182325.17
2340,200324.72
2341,479614.06
2342,67215.375
2343,52970.69
2344,205843.19
2345,198619.0
2346,149877.92
2347,72620.78
2348,197526.94
2349,406905.62
2350,254008.8
2351,217939.84
2352,167836.38
2353,264369.53
2354,245802.6
2355,254334.08
2356,242297.11
2357,210975.23
2358,283231.5
2359,316408.75
2360,402361.16
2361,311059.03
2362,292950.88
2363,198139.5
2364,260979.47
2365,204910.12
2366,148775.75
2367,213815.27
2368,367672.6
2369,311227.53
2370,250417.53
2371,85656.68
2372,441167.56
2373,335924.9
2374,441824.8
2375,430685.66
2376,288731.12
2377,429750.5
2378,240287.23
2379,347605.2
2380,406240.2
2381,315570.97
2382,509809.8
2383,231320.22
2384,263305.84
2385,332257.2
2386,343151.12
2387,205725.11
2388,262531.3
2389,257831.31
2390,136126.6
2391,294990.5
2392,388674.0
2393,262939.72
2394,309646.72
2395,372891.66
2396,170079.78
2397,349556.25
2398,416445.2
2399,369235.56
2400,515461.2
2401,263626.84
2402,269513.56
2403,251975.39
2404,160272.22
2405,491817.47
2406,317870.8
2407,285665.75
2408,392768.56
2409,325727.2
2410,357699.66
2411,385484.6
2412,272251.84
2413,162926.25
2414,282945.97
2415,324353.88
2416,319159.44
2417,307052.34
2418,355370.88
2419,315793.47
2420,287819.34
2421,297533.3
2422,332573.06
2423,105902.88
2424,399920.25
2425,283220.3
2426,292793.4
2427,284705.28
2428,278063.88
2429,272593.5
2430,259741.75
2431,62693.508
2432,312037.8
2433,280149.25
2434,394191.53
2435,268033.25
2436,400452.5
2437,285219.25
2438,160471.89
2439,405534.66
2440,282303.9
2441,328322.44
2442,77856.516
2443,376131.5
2444,340157.56
2445,224301.83
2446,101711.48
2447,244946.8
2448,84943.74
2449,91861.92
2450,186225.75
2451,423559.0
2452,190200.19
2453,241576.81
2454,272074.56
2455,63448.81
2456,212911.36
2457,198824.66
2458,85824.77
2459,81074.24
2460,231416.05
2461,307671.22
2462,199948.66
2463,96420.68
2464,173386.4
2465,214485.9
2466,171433.84
2467,136502.86
2468,180794.23
2469,110347.04
2470,126241.43
2471,169757.56
2472,131435.84
2473,238174.56
2474,159240.25
2475,73363.68
2476,63652.082
2477,232807.25
2478,76951.46
2479,140820.45
2480,223519.4
2481,164366.72
2482,161321.92
2483,65813.85
2484,56454.87
2485,113762.516
2486,228104.81
2487,288108.4
2488,80854.85
2489,151546.66
2490,93098.805
2491,67623.78
2492,127172.15
2493,77087.52
2494,88841.84
2495,129791.44
2496,80644.05
2497,127287.89
2498,216065.84
2499,114956.75
2500,42535.1
2501,68550.42
2502,89298.95
2503,53525.902
2504,63563.605
2505,61945.137
2506,79545.42
2507,125064.664
2508,185840.56
2509,71834.54
2510,81611.62
2511,78658.82
2512,36930.98
2513,70283.38
2514,90437.81
2515,80046.88
2516,93463.195
2517,90809.74
2518,86703.33
2519,91544.38
2520,93279.65
2521,69702.5
2522,109928.9
2523,119696.26
2524,84267.1
2525,91923.67
2526,70848.38
2527,410628.5
2528,272324.1
2529,156252.7
2530,218422.25
2531,113602.44
2532,183085.03
2533,259019.75
2534,166566.06
2535,299615.53
2536,251252.1
2537,169880.6
2538,210371.84
2539,55688.69
2540,229522.06
2541,116000.62
2542,144993.08
2543,95496.46
2544,149310.86
2545,71911.74
2546,127164.805
2547,94036.74
2548,117774.63
2549,100580.086
2550,90734.12
2551,145881.23
2552,168334.16
2553,101079.49
2554,166118.5
2555,90177.336
2556,277658.3
2557,293011.5
2558,302462.94
2559,66294.93
2560,177507.66
2561,76342.08
2562,214672.45
2563,278710.97
2564,147681.4
2565,178964.9
2566,126639.52
2567,146239.42
2568,112805.26
2569,202185.38
2570,212545.03
2571,161003.64
2572,161820.16
2573,143067.17
2574,109887.36
2575,131711.67
2576,156276.55
2577,125846.22
2578,73705.305
2579,422030.56
2580,198599.39
2581,269364.62
2582,284074.12
2583,74291.88
2584,172016.61
2585,154064.66
2586,190788.5
2587,160120.64
2588,135386.23
2589,241091.0
2590,107856.14
2591,164960.08
2592,170493.95
2593,121637.695
2594,127358.29
2595,217051.56
2596,190702.2
2597,80156.125
2598,341519.5
2599,148376.78
2600,105654.21
2601,288700.22
2602,187185.81
2603,226818.1
2604,194652.48
2605,140440.42
2606,108543.266
2607,157023.97
2608,130084.71
2609,209227.89
2610,212618.75
2611,90331.68
2612,459914.2
2613,199707.9
2614,221163.06
2615,473276.44
2616,83621.69
2617,54680.59
2618,224885.98
2619,318247.94
2620,79819.85
2621,198564.34
2622,237675.44
2623,64904.137
2624,218042.12
2625,150627.62
2626,225411.66
2627,402869.44
2628,351548.22
2629,208909.84
2630,211192.69
2631,161872.36
2632,501053.47
2633,65483.918
2634,108318.35
2635,209642.69
2636,191904.95
2637,317018.06
2638,207971.56
2639,137558.83
2640,112873.586
2641,157634.5
2642,234204.62
2643,203708.38
2644,181306.44
2645,50853.37
2646,74242.24
2647,173751.94
2648,230262.06
2649,195141.11
2650,357574.62
2651,71109.51
2652,352993.56
2653,94971.78
2654,104287.586
2655,440407.16
2656,238149.97
2657,108941.52
2658,109935.555
2659,216063.94
2660,163255.61
2661,134973.05
2662,114728.336
2663,141033.02
2664,63500.48
2665,378342.8
2666,107730.02
2667,188553.34
2668,337980.66
2669,112335.89
2670,193020.75
2671,177956.11
2672,162364.12
2673,314245.8
2674,207016.47
2675,101231.81
2676,251907.73
2677,78027.32
2678,113607.5
2679,311787.62
2680,316826.06
2681,146955.44
2682,274689.62
2683,92212.86
2684,158398.56
2685,135068.33
2686,56704.74
2687,276490.75
2688,318802.56
2689,144875.77
2690,85484.87
2691,96212.086
2692,192988.02
2693,121844.71
2694,178973.56
2695,138072.28
2696,123897.8
2697,221647.05
2698,98144.57
2699,154921.38
2700,367974.56
2701,163868.64
2702,80734.93
2703,55574.76
2704,110101.28
2705,128028.33
2706,130232.664
2707,115117.88
2708,97097.695
2709,112750.266
2710,114180.51
2711,262403.94
2712,170764.53
2713,267117.84
2714,154722.97
2715,274916.47
2716,133635.53
2717,241946.17
2718,147576.66
2719,158034.9
2720,162360.88
2721,123331.336
2722,290355.2
2723,176995.94
2724,98927.72
2725,218440.66
2726,160911.12
2727,131690.67
2728,270450.22
2729,231530.77
2730,309424.03
2731,154041.22
2732,145327.16
2733,110192.39
2734,287775.0
2735,109630.06
2736,422663.94
2737,133786.78
2738,232373.12
2739,163347.58
2740,75514.96
2741,207521.5
2742,106860.07
2743,179409.97
2744,278837.7
2745,78167.49
2746,509300.25
2747,150284.47
2748,259763.94
2749,187827.16
2750,217575.72
2751,396200.62
2752,130732.336
2753,298772.97
2754,186371.9
2755,201422.5
2756,94760.63
2757,174403.03
2758,87059.38
2759,93229.94
2760,251954.69
2761,293044.8
2762,69863.336
2763,403969.0
2764,125674.766
2765,186305.98
2766,261099.75
2767,205710.58
2768,134987.86
2769,449152.78
2770,69207.66
2771,119704.68
2772,348570.84
2773,124335.71
2774,237417.34
2775,121450.32
2776,58466.035
2777,120870.195
2778,121253.23
2779,108625.88
2780,258432.1
2781,120191.18
2782,153298.45
2783,352510.72
2784,125998.03
2785,56858.06
2786,239547.5
2787,127076.766
2788,273036.62
2789,136346.06
2790,185202.67
2791,259892.81
2792,122629.29
2793,129828.375
2794,228485.27
2795,84406.32
2796,118577.375
2797,378758.88
2798,151922.69
2799,56412.35
2800,423870.2
2801,231271.06
2802,199414.88
2803,342025.6
2804,83576.22
2805,144120.12
2806,421734.56
2807,182946.69
2808,207751.62
2809,161343.97
2810,367844.44
2811,302571.0
2812,208928.53
2813,180672.66
2814,148812.4
2815,250339.19
2816,129816.45
2817,332043.16
2818,162010.72
2819,152043.39
2820,104617.22
2821,189695.03
2822,315611.38
2823,415175.38
2824,66816.15
2825,85798.44
2826,292115.16
2827,410606.4
2828,104133.34
2829,181116.84
2830,446150.56
2831,178395.4
2832,325028.2
2833,266377.44
2834,204218.14
2835,156686.64
2836,131357.8
2837,465741.72
2838,153398.27
2839,148855.88
2840,116282.586
2841,145725.77
2842,183809.27
2843,414272.7
2844,249627.36
2845,92708.41
2846,60419.53
2847,313526.06
2848,69981.555
2849,296191.12
2850,48184.723
2851,249639.06
2852,324067.53
2853,110127.15
2854,58643.45
2855,305993.7
2856,231807.72
2857,111769.41
2858,200642.08
2859,99720.13
2860,189328.56
2861,149333.39
2862,126294.27
2863,235934.3
2864,162410.17
2865,84209.68
2866,126750.984
2867,108130.41
2868,309040.22
2869,165639.1
2870,225377.73
2871,304620.53
2872,219955.03
2873,99754.0
2874,141254.83
2875,258209.39
2876,87784.33
2877,77499.37
2878,396072.66
2879,247931.38
2880,338402.12
2881,203572.38
2882,282746.94
2883,112010.47
2884,42303.785
2885,266002.7
2886,122168.81
2887,156331.9
2888,128530.89
2889,147671.2
2890,85237.81
2891,217988.77
2892,187026.23
2893,196752.44
2894,183890.36
2895,150820.03
2896,145912.1
2897,270934.94
2898,92013.01
2899,231901.9
2900,78910.055
2901,423843.2
2902,311854.88
2903,131848.47
2904,175185.72
2905,276011.62
2906,174243.48
2907,95922.23
2908,115511.33
2909,146423.53
2910,124286.95
2911,122562.04
2912,87362.086
2913,109074.89
2914,152934.58
2915,223303.94
2916,365438.75
2917,292915.62
2918,115819.82
2919,163241.6
2920,136383.27
2921,131272.5
2922,178985.94
2923,295035.06
2924,60031.668
2925,284367.4
2926,225404.61
2927,328458.84
2928,272261.34
2929,158493.94
2930,142636.75
2931,236446.66
2932,215821.75
2933,79575.625
2934,130268.39
2935,155369.06
2936,494786.44
2937,113843.13
2938,134978.16
2939,125286.336
2940,147671.08
2941,138532.6
2942,182490.75
2943,105151.16
2944,336557.3
2945,114069.664
2946,389723.88
2947,139995.25
2948,150363.48
2949,283731.03
2950,196852.0
2951,77664.93
2952,161553.1
2953,149769.08
2954,163500.0
2955,244527.62
2956,192980.16
2957,66819.27
2958,159818.48
2959,110134.836
2960,139343.77
2961,102414.9
2962,70634.88
2963,337806.06
2964,194969.5
2965,187057.81
2966,123664.49
2967,103696.4
2968,250588.58
2969,132615.4
2970,281429.6
2971,99367.77
2972,166252.55
2973,133281.34
2974,252780.2
2975,194242.81
2976,226384.38
2977,333271.28
2978,292820.3
2979,177977.6
2980,359388.94
2981,92493.125
2982,113633.516
2983,122473.445
2984,138611.86
2985,98727.35
2986,166826.89
2987,324130.8
2988,91339.11
2989,166345.16
2990,358346.62
2991,154786.61
2992,143411.69
2993,124233.88
2994,153177.19
2995,159911.69
2996,126582.49
2997,291388.75
2998,51269.418
2999,72926.4
